{
  "version": 1,
  "author": "costynvd",
  "editor": "wokwi",
  "parts": [
    { "type": "wokwi-esp32-devkit-v1", "id": "esp", "top": -321.7, "left": -341, "attrs": {} },
    {
      "type": "wokwi-dht22",
      "id": "dht1",
      "top": -402.9,
      "left": -178.2,
      "attrs": { "temperature": "80", "humidity": "100" }
    },
    {
      "type": "wokwi-dht22",
      "id": "dht2",
      "top": -402.9,
      "left": -24.6,
      "attrs": { "temperature": "80", "humidity": "100" }
    },
    {
      "type": "wokwi-dht22",
      "id": "dht3",
      "top": -402.9,
      "left": -101.4,
      "attrs": { "temperature": "80", "humidity": "100" }
    }
  ],
  "connections": [
    [ "esp:TX0", "$serialMonitor:RX", "", [] ],
    [ "esp:RX0", "$serialMonitor:TX", "", [] ],
    [ "dht1:VCC", "esp:3V3", "red", [ "v0" ] ],
    [ "dht1:GND", "esp:GND.1", "black", [ "v0" ] ],
    [ "dht1:SDA", "esp:D14", "green", [ "v0" ] ],
    [ "esp:GND.1", "dht3:GND", "black", [ "h182.1", "v-115.3" ] ],
    [ "esp:GND.1", "dht2:GND", "black", [ "h0" ] ],
    [ "dht3:VCC", "esp:3V3", "red", [ "v0" ] ],
    [ "dht2:VCC", "esp:3V3", "red", [ "v0" ] ],
    [ "dht3:SDA", "esp:D27", "green", [ "v0" ] ],
    [ "dht2:SDA", "esp:D26", "green", [ "v0" ] ]
  ],
  "dependencies": {}
}